ID,Name,Photo
11553,Mostafa,mostafa.jpg
11554,Ahmed,ahmed.jpg
11555,Eman,eman.jpg
11556,Basem,basem.jpg
11557,Gaber,gaber.jpg
11558,Khadija,khadija.jpg
11559,Yara,yara.jpg
11560,Tamer,tamer.jpg
11561,Omar,omar.jpg
11562,Othman,othman.jpg
11563,Ragab,ragab.jpg
